<?xml version="1.0" encoding="UTF-8" standalone="yes"?>
<manifest>
  <control namespace="HSL" constructor="AddressLookup" version="0.0.6" display-name-key="Address Lookup" description-key="Uses the Ordnance Survey Places API to find and return an address." control-type="standard" api-version="1.2.3">
    <external-service-usage enabled="true">
      <domain>www.ordnancesurvey.co.uk</domain>
    </external-service-usage>
    <property name="API_KEY" display-name-key="OS API Key" description-key="API Key used for the Ordnance Survey API" of-type="SingleLine.Text" usage="input" required="true"/>
    <property name="ADDRESS_SEARCH" display-name-key="Address search" description-key="The field used to display the PCF component" of-type="SingleLine.Text" usage="bound" required="true"/>
    <property name="AddressName" display-name-key="Address Name" description-key="Address Name" of-type="SingleLine.Text" usage="bound" required="false"/>
    <property name="AddressLine1" display-name-key="Line 1" description-key="Address line 1 field mapping" of-type="SingleLine.Text" usage="bound" required="false"/>
    <property name="AddressLine2" display-name-key="Line 2" description-key="Address line 2 field mapping" of-type="SingleLine.Text" usage="bound" required="false"/>
    <property name="AddressLine3" display-name-key="Line 3" description-key="Line 3" of-type="SingleLine.Text" usage="bound" required="false"/>
    <property name="AddressCity" display-name-key="City" description-key="City" of-type="SingleLine.Text" usage="bound" required="false"/>
    <property name="PostalCode" display-name-key="Post Code" description-key="Post Code" of-type="SingleLine.Text" usage="bound" required="false"/>
    <property name="StateOrProvince" display-name-key="State or Province" description-key="State or Province" of-type="SingleLine.Text" usage="bound" required="false"/>
    <property name="POBox" display-name-key="Post Office Box Number" description-key="Post Office Box Number" of-type="SingleLine.Text" usage="bound" required="false"/>
    <property name="UPRN" display-name-key="UPRN" description-key="UPRN" of-type="SingleLine.Text" usage="bound" required="false"/>
    <resources>
      <code path="bundle.js" order="1"/>
    </resources>
    <built-by name="pac" version="1.4.4"/>
  </control>
</manifest>