<?xml version="1.0" encoding="UTF-8" standalone="yes"?>
<manifest>
  <control namespace="Hsl.Pcf.AddressLookupFluentUI" constructor="AddressLookup" version="0.0.16" display-name-key="Hsl Address Lookup" description-key="Uses the Ordnance Survey Places API to find and return an address." control-type="standard" api-version="1.2.3">
    <external-service-usage enabled="true">
      <domain>www.ordnancesurvey.co.uk</domain>
    </external-service-usage>
    <property name="API_KEY" display-name-key="OS API Key" description-key="API Key used for the Ordnance Survey API" of-type="SingleLine.Text" usage="input" required="true"/>
    <property name="BASE_URL" display-name-key="Base URL" description-key="The base URL to use. This will either be https://api.os.uk/search/places/v1/find or https://api.ordnancesurvey.co.uk/places/v1/addresses/find" of-type="SingleLine.Text" usage="input" required="true"/>
    <property name="ADDRESS_SEARCH" display-name-key="Address search" description-key="The field used to display the PCF component" of-type="SingleLine.Text" usage="bound" required="true"/>
    <property name="AddressLine1" display-name-key="Line 1" description-key="Address line 1 field mapping" of-type="SingleLine.Text" usage="bound" required="false"/>
    <property name="AddressLine2" display-name-key="Line 2" description-key="Address line 2 field mapping" of-type="SingleLine.Text" usage="bound" required="false"/>
    <property name="AddressLine3" display-name-key="Line 3" description-key="Line 3" of-type="SingleLine.Text" usage="bound" required="false"/>
    <property name="AddressCity" display-name-key="City" description-key="City" of-type="SingleLine.Text" usage="bound" required="false"/>
    <property name="PostalCode" display-name-key="Post Code" description-key="Post Code" of-type="SingleLine.Text" usage="bound" required="false"/>
    <property name="County" display-name-key="County" description-key="County - Modify FormXML to map https://blog.magnetismsolutions.com/blog/jaredjohnson/2019/07/04/binding-to-address-fields-in-a-pcf-control" of-type="SingleLine.Text" usage="bound" required="false"/>
    <property name="StateOrProvince" display-name-key="State or Province" description-key="State or Province" of-type="SingleLine.Text" usage="bound" required="false"/>
    <property name="POBox" display-name-key="Post Office Box Number" description-key="Post Office Box Number" of-type="SingleLine.Text" usage="bound" required="false"/>
    <property name="Latitude" display-name-key="Latitude" description-key="Latitude" of-type="FP" usage="bound" required="false"/>
    <property name="Longitude" display-name-key="Longitude" description-key="Longitude" of-type="FP" usage="bound" required="false"/>
    <property name="UPRN" display-name-key="UPRN" description-key="UPRN" of-type="SingleLine.Text" usage="bound" required="false"/>
    <resources>
      <code path="bundle.js" order="1"/>
    </resources>
    <built-by name="pac" version="1.4.4"/>
  </control>
</manifest>